Tout,Rhout,Iglob,RadSum,Windsp,AbsHumOut,VentLee,Ventwind,AssimLight,EnScr,BlackScr,PipeGrow,PipeLow,co2_dos,Tair,Rhair,Tot_PAR,CO2air
8.866873610339171,82.90988484623327,92.69900901401094,379.47727203881107,4.756923740704183,6.312576636634682,5.172537611203212,2.9798671042075773,58.426992902656174,64.92145280316014,53.204938662611696,1.6223735111198008,19.13551992301937,0.0026525253154977713,21.88084163252838,84.30358528869812,173.5609642391101,742.4222669191944
