Tout,Rhout,Iglob,RadSum,Windsp,AbsHumOut,VentLee,Ventwind,AssimLight,EnScr,BlackScr,PipeGrow,PipeLow,co2_dos,Tair,Rhair,Tot_PAR,CO2air
8.672616477001956,71.99944945557593,89.37706824140798,384.92555920140694,5.149301165756688,6.9267118828017145,5.524288893617852,2.7470210430366646,53.54967414184921,65.88368341963532,48.184645049433044,1.6344498663129425,19.316839853457495,0.002734711356404684,21.93897406067027,93.02246213386788,185.88981676488862,721.0832622968782
