Tout,Rhout,Iglob,RadSum,Windsp,AbsHumOut,VentLee,Ventwind,AssimLight,EnScr,BlackScr,PipeGrow,PipeLow,co2_dos,Tair,Rhair,Tot_PAR,CO2air
8.105415325886018,83.2683206086574,98.84343280727242,345.2286960257461,5.07177017745863,6.160089825751394,5.562833705410948,3.208663160077176,56.94071656099298,62.711057140928446,48.27817856117647,1.4792430772458383,19.84832396480485,0.002598797545008674,21.075176803525704,77.9872031543153,195.39163110038066,727.6170154955595
