Tout,Rhout,Iglob,RadSum,Windsp,AbsHumOut,VentLee,Ventwind,AssimLight,EnScr,BlackScr,PipeGrow,PipeLow,co2_dos,Tair,Rhair,Tot_PAR,CO2air
8.682820929743151,79.80042839525245,101.85744147252254,363.70332608115376,5.571211035545879,6.000230939804992,5.419511025023774,2.7831513874422567,60.37634839792221,60.122278025697604,47.280461567710546,1.5376933162075543,20.33268802751667,0.002497082307889783,20.26748302817309,93.75159441918126,176.9886071065345,849.7868371048362
