Tout,Rhout,Iglob,RadSum,Windsp,AbsHumOut,VentLee,Ventwind,AssimLight,EnScr,BlackScr,PipeGrow,PipeLow,co2_dos,Tair,Rhair,Tot_PAR,CO2air
7.525933443598721,82.55130319855199,98.03287954057514,365.2978718691388,5.307663132788114,6.557457894193772,5.497024470039638,2.7991780348017126,57.8865489649274,68.91307638454728,53.20750698942172,1.4992688090314905,19.335493529220873,0.0023575790365340456,22.635386896721535,85.55356514162781,191.61602302169803,831.0911751838744
